use store;

insert into `catalog` (id, name)
values
(1, 'Мясо замороженное'),
(2, 'Мясо охлажденное'),
(3, 'Рыба замороженная'),
(4,'Овощи замороженные'),
(5,'Овощи свежие'),
(6,'Молочные продукты'),
(7,'Яйца'),
(8,'Крупы'),
(9,'Конфеты'),
(10,'Cыры');


insert into units (id, name)
values
(1, 'шт'),
(2, 'кг'),
(3, 'упак');


insert into sections (id, name)
values
(1, 'мороз'),
(2, 'холод'),
(3, 'сухой');


insert into goods (name , catalog_id , unit_id , section_id , weight , price)
values
('Свиная шейка замороженная', 1, 2, 1, 1, 450),
('Бараний окорок замороженный', 1, 2, 1, 1, 950),
('Курица замороженная', 1, 2, 1, 1, 350),
('Говядина вырезка охлажденная', 2, 2, 2, 1, 600),
('Куриная грудка охлажденная', 2, 2, 2, 1, 400),
('Минтай свежемороженный', 3, 2, 1, 1, 250),
('Семга свежемороженная', 3, 2, 1, 1, 800),
('Овощная смесь замороженная', 4, 2, 1, 1, 200),
('Картофель', 5, 2, 3, 1, 200),
('Морковь', 5, 2, 3, 1, 150),
('Свекла', 5, 2, 3, 1, 150),
('Капуста', 5, 2, 3, 1, 300),
('Молоко, 1л', 6, 1, 2, 0.35, 70),
('Сметана, 250 г', 6, 1, 2, 0.25, 67),
('Кефир, 0.5 л', 6, 1, 2, 0.35, 56),
('Яйцо куриное 1 сорт, (10 шт.), ', 7, 3, 2, 0.45, 120),
('Яйцо куриное отборное, (10 шт.)', 7, 3, 2, 0.45, 120),
('Крупа манная, 1 кг', 8, 1, 3, 1, 230),
('Крупа гречневая, 1 кг', 8, 1, 3, 1, 230),
('Каша 5 злаков, 0.5 кг', 8, 1, 3, 0.5, 350),
('Конфеты красные', 9, 2, 3, 1, 450),
('Конфеты синие', 9, 2, 3, 1, 560),
('Конфеты желтые', 9, 2, 3, 1, 560),
('Конфеты зеленые', 9, 2, 3, 1, 560),
('Сыр Гауда', 10, 2, 2, 1, 700),
('Сыр Российский', 10, 2, 2, 1, 600),
('Сыр Ламбер', 10, 2, 2, 1, 1200),
('Сырок плавленный', 10, 2, 2, 1, 400),
('Сыр брынза', 10, 2, 2, 1, 400),
('Сыр голландский', 10, 2, 2, 1, 600);



insert into partners (id, name , address , inn , contact_person)
values
(1, 'ИП Иванов', 'Москвоская область, село Сосновка', 1234567890, 'Иванов Иван'),
(2, 'Рога и копыта, ООО', 'г.Москва, ул.Неизвестная', null, null),
(3, 'Московское подворье', 'Московская область, село Николаевка', null, null),
(4, 'Мираторг', 'г.Москва, ул.Неизвестная', null, 'Раиса Павловна'),
(5, 'Пятерочка', 'г.Москва, ул.Неизвестная', null, 'Михалыч'),
(6, 'Pepsi', 'США', null, 'John Milton'),
(7, 'Кремлевская столовая', 'г.Москва, кремль, вход со двора', null, 'засекречено'),
(8, 'Магнит', 'г.Москва', null, null);


insert into cells (id, code , section_id)
values
(1, 'М-1-1', 1),
(2, 'М-2-1', 1),
(3, 'М-3-1', 1),
(4, 'М-4-1', 1),
(5, 'М-5-1', 1),
(6, 'М-1-2', 1),
(7, 'М-2-2', 1),
(8, 'М-3-2', 1),
(9, 'М-4-2', 1),
(10, 'М-5-2', 1),
(11, 'X-1-1', 2),
(12, 'X-2-1', 2),
(13, 'X-3-1', 2),
(14, 'X-4-1', 2),
(15, 'X-5-1', 2),
(16, 'X-1-2', 2),
(17, 'X-2-2', 2),
(18, 'X-3-2', 2),
(19, 'X-4-2', 2),
(20, 'X-5-2', 2),
(21, 'C-1-1', 3),
(22, 'C-2-1', 3),
(23, 'C-3-1', 3),
(24, 'C-4-1', 3),
(25, 'C-5-1', 3),
(26, 'C-1-2', 3),
(27, 'C-2-2', 3),
(28, 'C-3-2', 3),
(29, 'C-4-2', 3),
(30, 'C-5-2', 3);



insert into coming_orders (id, order_date , status , partner_id, summ, comment)
values
(1, '2020-04-20', 'completed', null, 0, 'ввод начальных остатков'),
(2, '2020-04-21', 'completed', 3, 21500, 'поставка сыра и молочки'),
(3, '2020-04-21', 'completed', 4, 12000, 'поставка мяса')
;


insert into coming_order_tables (order_id , line_number , good_id , expiration_date , cell_id , `count`, summ)
values
(1, 1, 1, '2021-05-31', 1, 20, 0), 
(1, 2, 2, '2021-05-31', 2, 20, 0),  
(1, 3, 4, '2020-04-30', 3, 20, 0),
(1, 4, 4, '2020-06-20', 4, 20, 0),
(1, 5, 9, '2020-12-31', 21, 10, 0),
(1, 6, 10, '2020-12-31', 22, 10, 0),
(1, 7, 11, '2020-12-31', 23, 10, 0),
(1, 8, 13, '2020-04-25', 11, 10, 0),
(1, 9, 13, '2020-04-30', 12, 10, 0),
(1, 10, 13, '2020-04-15', 13, 25, 0),
(1, 11, 14, '2020-04-25', 14, 15, 0),
(1, 12, 14, '2020-04-30', 15, 15, 0),
(1, 13, 18, '2023-03-30', 25, 15, 0),
(1, 14, 19, '2023-03-30', 26, 20, 0),
(1, 15, 27, '2020-04-30', 17, 20, 0),
(1, 16, 27, '2020-05-21', 18, 20, 0),
(2, 1, 27, '2020-08-30', 19, 10, 9500),
(2, 2, 13, '2020-05-21', 20, 20, 12000),
(3, 1, 4, '2020-05-31', 21, 10, 7000),
(3, 2, 5, '2020-05-31', 22, 10, 5000);


insert into outgoing_orders (id, order_date , status , partner_id , summ)
values
(1, '2020-04-21', 'completed', 7, 400),
(2, '2020-04-21', 'completed', 8, 800)
;


insert into outgoing_order_tables (order_id , line_number , good_id , expiration_date , cell_id , `count`, summ)
values
(1, 1, 1, '2021-05-31', 1, 2, 200), 
(1, 2, 2, '2021-05-31', 2, 2, 200),  
(2, 1, 4, '2020-04-30', 3, 3, 300),
(2, 2, 4, '2020-06-20', 4, 3, 300),
(2, 3, 9, '2020-12-31', 21, 1, 200);



insert into stocks (cell_id , good_id , expiration_date , `count`)
values
(1, 1, '2021-05-31', 18), 
(2, 2, '2021-05-31', 18), 
(3, 4, '2020-04-30', 17), 
(4, 4, '2020-06-20', 17), 
(11, 13, '2020-04-25', 10), 
(12, 13, '2020-04-30', 10), 
(13, 13, '2020-04-15', 25), 
(14, 14, '2020-04-25', 15), 
(15, 14, '2020-04-30', 15), 
(17, 27, '2020-04-30', 20), 
(18, 27, '2020-05-21', 20), 
(19, 27, '2020-08-30', 10), 
(20, 13, '2020-05-21', 20), 
(21, 14, '2020-05-31', 10), 
(21, 9, '2020-12-31', 9), 
(22, 5, '2020-05-31', 10), 
(22, 10, '2020-12-31', 10), 
(23, 11, '2020-12-31', 10), 
(25, 18, '2023-03-30', 15), 
(26, 19, '2023-03-30', 20); 




